{"_step":5,"loss":41.10642623901367,"_timestamp":1.742837231496871e+09,"_runtime":8.671414,"_wandb":{"runtime":8}}