{"hessian_eigenvalues_step_50":{"bins":[-1.2397985458374023,-1.1725867986679077,-1.105375051498413,-1.0381633043289185,-0.9709516167640686,-0.903739869594574,-0.8365281820297241,-0.7693164348602295,-0.7021046876907349,-0.6348929405212402,-0.5676811933517456,-0.5004695057868958,-0.4332577586174011,-0.3660460114479065,-0.29883429408073425,-0.23162256181240082,-0.16441082954406738,-0.09719909727573395,-0.029987365007400513,0.03722436726093292,0.10443609952926636,0.1716478317975998,0.23885956406593323,0.30607128143310547,0.3732830286026001,0.4404947757720947,0.5077065229415894,0.5749182105064392,0.6421299576759338,0.7093417048454285,0.7765533924102783,0.843765139579773,0.9109768867492676,0.9781886339187622,1.0454003810882568,1.1126121282577515,1.179823875427246,1.2470355033874512,1.3142472505569458,1.3814589977264404,1.448670744895935,1.5158824920654297,1.5830942392349243,1.650305986404419,1.717517614364624,1.7847293615341187,1.8519411087036133,1.919152855873108,1.9863646030426025,2.0535762310028076,2.120788097381592,2.187999725341797,2.255211591720581,2.322423219680786,2.3896350860595703,2.4568467140197754,2.5240583419799805,2.5912702083587646,2.6584818363189697,2.725693702697754,2.792905330657959,2.860117197036743,2.9273288249969482,2.9945406913757324,3.0617523193359375],"_type":"histogram","values":[2,2,3,3,2,2,5,6,7,7,4,5,5,5,2,2,4,1,4,5,4,8,6,4,3,1,4,4,5,8,11,8,5,4,3,2,4,4,4,3,4,4,3,5,3,1,5,1,3,3,5,2,4,2,5,2,4,8,4,7,5,4,3,2]},"hessian_eigenvalues_step_100":{"_type":"histogram","values":[1,1,1,1,2,1,4,1,3,1,4,7,11,8,7,9,7,7,7,8,6,2,2,1,3,3,3,6,6,8,3,4,3,3,3,3,2,3,3,4,2,4,3,3,3,4,2,3,5,4,3,2,4,2,1,4,6,7,7,8,8,7,4,2],"bins":[-0.912969172000885,-0.8628616333007812,-0.8127540946006775,-0.7626465559005737,-0.71253901720047,-0.6624314785003662,-0.6123239398002625,-0.5622164011001587,-0.5121088624000549,-0.46200135350227356,-0.4118938148021698,-0.36178627610206604,-0.3116787374019623,-0.2615711987018585,-0.21146367490291595,-0.1613561362028122,-0.11124859750270844,-0.061141062527894974,-0.011033525690436363,0.03907401114702225,0.08918154239654541,0.13928908109664917,0.18939661979675293,0.2395041584968567,0.28961169719696045,0.3397192358970642,0.38982677459716797,0.43993428349494934,0.4900418221950531,0.5401493906974792,0.590256929397583,0.6403644680976868,0.6904720067977905,0.7405794858932495,0.7906870245933533,0.840794563293457,0.8909021019935608,0.9410096406936646,0.9911171793937683,1.041224718093872,1.0913323163986206,1.1414397954940796,1.1915473937988281,1.241654872894287,1.291762351989746,1.3418699502944946,1.3919774293899536,1.4420850276947021,1.4921925067901611,1.5423001050949097,1.5924075841903687,1.6425151824951172,1.6926226615905762,1.7427302598953247,1.7928377389907837,1.8429453372955322,1.8930528163909912,1.9431604146957397,1.9932678937911987,2.0433754920959473,2.0934829711914062,2.1435904502868652,2.1936981678009033,2.2438056468963623,2.2939131259918213]},"update_matrix_norm_step_100":0.015095739625394344,"dominant_projection_norm_step_50":0.9574486017227173,"successive_pca_spectrum_step_500":{"bins":[4.305537080562336e-15,0.0032661850564181805,0.006532370112836361,0.009798555634915829,0.013064740225672722,0.01633092574775219,0.019597111269831657,0.022863294929265976,0.026129480451345444,0.02939566597342491,0.03266185149550438,0.03592803701758385,0.039194222539663315,0.042460404336452484,0.04572658985853195,0.04899277538061142,0.05225896090269089,0.055525146424770355,0.05879133194684982,0.06205751746892929,0.06532370299100876,0.06858988851308823,0.0718560740351677,0.07512225955724716,0.07838844507932663,0.0816546231508255,0.08492080867290497,0.08818699419498444,0.0914531797170639,0.09471936523914337,0.09798555076122284,0.10125173628330231,0.10451792180538177,0.10778410732746124,0.11105029284954071,0.11431647837162018,0.11758266389369965,0.12084884941577911,0.12411503493785858,0.12738122045993805,0.13064740598201752,0.13391359150409698,0.13717977702617645,0.14044596254825592,0.1437121480703354,0.14697833359241486,0.15024451911449432,0.1535107046365738,0.15677689015865326,0.16004306077957153,0.163309246301651,0.16657543182373047,0.16984161734580994,0.1731078028678894,0.17637398838996887,0.17964017391204834,0.1829063594341278,0.18617254495620728,0.18943873047828674,0.1927049160003662,0.19597110152244568,0.19923728704452515,0.20250347256660461,0.20576965808868408,0.20903584361076355],"_type":"histogram","values":[1,0,0,1,0,1,0,0,0,1,1,0,0,0,0,0,0,0,0,0,0,0,0,0,0,0,0,1,0,0,0,0,0,0,0,0,0,0,0,0,0,0,0,0,0,0,0,0,0,0,1,0,0,0,0,0,0,1,0,0,1,0,0,1]},"hessian_eigenvalues_step_10":{"_type":"histogram","values":[4,6,7,9,8,5,5,4,2,3,2,0,0,0,0,0,0,0,0,1,1,4,5,7,9,10,12,10,7,10,14,13,9,7,6,10,5,7,4,0,1,0,0,2,1,1,1,3,2,4,2,2,2,3,4,2,4,2,3,4,2,4,2,3],"bins":[-2.7933499813079834,-2.6321921348571777,-2.471034288406372,-2.3098762035369873,-2.1487183570861816,-1.987560510635376,-1.8264026641845703,-1.6652448177337646,-1.5040868520736694,-1.3429290056228638,-1.181771159172058,-1.020613193511963,-0.8594553470611572,-0.6982974410057068,-0.5371395349502563,-0.3759816586971283,-0.21482378244400024,-0.0536658950150013,0.10749199241399765,0.2686498761177063,0.42980778217315674,0.5909656286239624,0.7521235346794128,0.9132814407348633,1.074439287185669,1.2355972528457642,1.3967550992965698,1.5579129457473755,1.7190709114074707,1.8802287578582764,2.041386604309082,2.2025444507598877,2.3637022972106934,2.524860382080078,2.686018228530884,2.8471760749816895,3.008333921432495,3.169491767883301,3.3306498527526855,3.491807699203491,3.652965545654297,3.8141233921051025,3.975281238555908,4.136439323425293,4.2975969314575195,4.458755016326904,4.619912624359131,4.781070709228516,4.9422287940979,5.103386402130127,5.264544486999512,5.425702095031738,5.586860179901123,5.748018264770508,5.909175872802734,6.070333957672119,6.231491565704346,6.3926496505737305,6.553807258605957,6.714965343475342,6.876123428344727,7.037281036376953,7.198439121246338,7.3595967292785645,7.520754814147949]},"hessian_eigenvalues_step_5":{"_type":"histogram","values":[5,5,7,11,5,6,3,5,2,3,2,1,0,0,0,0,0,0,0,1,2,4,4,7,10,10,13,13,12,11,14,14,8,10,9,6,3,1,0,2,1,0,2,1,2,2,2,5,1,2,2,4,2,2,3,2,2,3,2,2,2,2,2,3],"bins":[-3.657945394515991,-3.4430692195892334,-3.2281930446624756,-3.0133168697357178,-2.798440933227539,-2.5835647583007812,-2.3686885833740234,-2.1538124084472656,-1.9389362335205078,-1.7240601778030396,-1.5091840028762817,-1.294307827949524,-1.0794316530227661,-0.8645555377006531,-0.64967942237854,-0.4348032772541046,-0.2199271321296692,-0.005050990730524063,0.20982515811920166,0.4247013032436371,0.6395774483680725,0.8544535636901855,1.0693297386169434,1.2842059135437012,1.4990819692611694,1.7139581441879272,1.928834319114685,2.1437103748321533,2.358586549758911,2.573462724685669,2.7883388996124268,3.0032150745391846,3.2180910110473633,3.432967185974121,3.647843360900879,3.8627195358276367,4.0775957107543945,4.292471885681152,4.50734806060791,4.722224235534668,4.937100410461426,5.151976585388184,5.366852760314941,5.581728458404541,5.796604633331299,6.011480808258057,6.2263569831848145,6.441233158111572,6.65610933303833,6.870985507965088,7.085861682891846,7.3007378578186035,7.515614032745361,7.730490207672119,7.945366382598877,8.160242080688477,8.375118255615234,8.589994430541992,8.80487060546875,9.019746780395508,9.234622955322266,9.449499130249023,9.664375305175781,9.879251480102539,10.094127655029297]},"hessian_eigenvalues_step_500":{"_type":"histogram","values":[100,0,0,0,0,0,0,0,0,0,0,0,0,0,0,0,0,0,0,0,0,0,0,0,0,0,0,0,0,0,0,48,12,0,0,0,0,0,0,0,0,0,0,0,0,0,0,0,0,0,0,0,0,0,0,0,0,0,0,0,0,0,2,98],