{"gradient_norm_step_10":19.680768966674805,"_step":500,"gradient_norm_step_50":10.593934059143066,"gradient_norm_step_150":5.374028205871582,"hessian_eigenvalues_step_100":{"values":[2,3,4,6,5,4,3,3,2,6,2,1,4,4,2,4,9,7,6,6,10,7,10,6,6,7,11,11,43,32,8,8,6,7,5,5,6,7,7,7,6,4,5,2,3,4,3,2,2,3,3,2,3,3,3,3,4,3,3,2,2,2,0,1],"bins":[-4.634859561920166,-4.466970443725586,-4.299081802368164,-4.131193161010742,-3.963304042816162,-3.795415163040161,-3.62752628326416,-3.459637403488159,-3.291748523712158,-3.1238596439361572,-2.9559707641601562,-2.7880818843841553,-2.6201930046081543,-2.4523041248321533,-2.2844152450561523,-2.1165263652801514,-1.9486374855041504,-1.7807486057281494,-1.6128597259521484,-1.4449708461761475,-1.2770819664001465,-1.1091930866241455,-0.9413042068481445,-0.7734153270721436,-0.6055264472961426,-0.4376375675201416,-0.2697486877441406,-0.10185980796813965,0.06602907180786133,0.2339179515838623,0.4018068313598633,0.5696957111358643,0.7375845909118652,0.9054734706878662,1.0733623504638672,1.2412512302398682,1.4091401100158691,1.5770289897918701,1.744917869567871,1.912806749343872,2.080695629119873,2.248584508895874,2.416473388671875,2.584362268447876,2.752251148223877,2.920140027999878,3.088028907775879,3.25591778755188,3.423806667327881,3.591695547103882,3.759584426879883,3.927473306655884,4.095362186431885,4.263251304626465,4.431139945983887,4.599028587341309,4.766917705535889,4.934806823730469,5.102695465087891,5.2705841064453125,5.438473224639893,5.606362342834473,5.7742509841918945,5.942139625549316,6.1100287437438965],"_type":"histogram"},"gradient_norm_step_500":3.0971028804779053,"update_matrix_norm_step_200":0.057431336492300034,"update_matrix_norm_step_150":0.053740281611680984,"_wandb":{"runtime":21},"hessian_eigenvalues_step_50":{"bins":[-8.009126663208008,-7.721487522125244,-7.433848857879639,-7.146209716796875,-6.8585710525512695,-6.570931911468506,-6.2832932472229,-5.995654106140137,-5.708015441894531,-5.420376300811768,-5.132737636566162,-4.845098495483398,-4.557459831237793,-4.269820690155029,-3.9821817874908447,-3.69454288482666,-3.4069039821624756,-3.119265079498291,-2.8316261768341064,-2.543987274169922,-2.2563483715057373,-1.9687093496322632,-1.6810704469680786,-1.393431544303894,-1.1057926416397095,-0.8181537389755249,-0.5305148363113403,-0.24287588894367218,0.044763028621673584,0.33240193128585815,0.6200408935546875,0.9076797962188721,1.1953186988830566,1.4829576015472412,1.7705965042114258,2.0582354068756104,2.345874309539795,2.6335132122039795,2.921152114868164,3.2087910175323486,3.496429920196533,3.784069061279297,4.071707725524902,4.359346866607666,4.6469855308532715,4.934624671936035,5.222263336181641,5.509902477264404,5.797541618347168,6.085180282592773,6.372819423675537,6.660458087921143,6.948097229003906,7.235735893249512,7.523375034332275,7.811013698577881,8.098652839660645,8.38629150390625,8.673930168151855,8.961569786071777,9.249208450317383,9.536847114562988,9.824485778808594,10.112125396728516,10.399764060974121],"_type":"histogram","values":[2,1,5,2,1,4,4,0,1,0,0,0,2,7,3,4,8,8,5,6,6,8,10,7,11,7,12,23,26,54,14,9,8,9,7,7,6,8,5,6,4,3,3,6,5,4,4,3,1,1,0,1,1,1,3,2,3,2,3,0,2,0,1,1]},"dominant_projection_norm_step_50":6.390363693237305,"update_matrix_norm_step_350":0.03594970703125,"gradient_norm_step_100":6.31254768371582,"dominant_projection_norm_step_150":2.5143630504608154,"gradient_norm_step_15":18.75099754333496,"dominant_projection_norm_step_100":3.019839286804199,"update_matrix_norm_step_50":0.10593932867050171,"hessian_eigenvalues_step_15":{"values":[2,2,5,3,6,1,2,6,3,2,7,2,2,4,6,9,7,10,8,7,7,9,12,16,13,8,31,34,19,7,6,5,4,6,8,5,5,4,4,4,3,4,5,3,4,2,3,3,3,2,3,2,2,3,2,2,3,3,2,1,2,1,0,1],"bins":[-8.824243545532227,-8.460492134094238,-8.09674072265625,-7.732989311218262,-7.369237899780273,-7.005486011505127,-6.641734600067139,-6.27798318862915,-5.914231777191162,-5.550480365753174,-5.1867289543151855,-4.822977542877197,-4.459225654602051,-4.0954742431640625,-3.731722831726074,-3.367971420288086,-3.0042200088500977,-2.6404685974121094,-2.276717185974121,-1.9129655361175537,-1.5492141246795654,-1.1854627132415771,-0.8217111825942993,-0.45795971155166626,-0.0942082405090332,0.26954323053359985,0.6332947015762329,0.997046172618866,1.360797643661499,1.7245490550994873,2.0883007049560547,2.452052116394043,2.8158035278320312,3.1795549392700195,3.543306350708008,3.907058000564575,4.270809173583984,4.634561061859131,4.998312473297119,5.362063884735107,5.725815296173096,6.089566707611084,6.453318119049072,6.8170695304870605,7.180821418762207,7.544572830200195,7.908324241638184,8.272075653076172,8.63582706451416,8.999578475952148,9.363329887390137,9.727081298828125,10.090832710266113,10.454584121704102,10.81833553314209,11.182086944580078,11.545839309692383,11.909590721130371,12.27334213256836,12.637093544006348,13.000844955444336,13.364596366882324,13.728347778320312,14.0920991897583,14.455850601196289],"_type":"histogram"},"_runtime":21.77332,"update_matrix_norm_step_500":0.03097102791070938,"hessian_eigenvalues_step_150":{"_type":"histogram","values":[1,1,3,3,2,2,4,2,1,2,4,4,2,5,3,2,2,6,5,8,6,7,8,5,6,10,9,8,12,20,64,17,10,9,8,5,8,6,8,5,6,4,6,4,3,3,2,4,2,3,3,3,2,3,3,1,3,2,3,2,2,1,1,1],"bins":[-5.231410503387451,-5.055165767669678,-4.878921031951904,-4.702676296234131,-4.526431083679199,-4.350186347961426,-4.173941612243652,-3.997696876525879,-3.8214521408081055,-3.645207166671753,-3.4689624309539795,-3.292717695236206,-3.1164729595184326,-2.94022798538208,-2.7639832496643066,-2.587738513946533,-2.4114937782287598,-2.2352488040924072,-2.059004068374634,-1.8827592134475708,-1.7065144777297974,-1.5302696228027344,-1.354024887084961,-1.177780032157898,-1.001535177230835,-0.8252904415130615,-0.6490456461906433,-0.4728008210659027,-0.2965560257434845,-0.12031122297048569,0.05593357980251312,0.23217839002609253,0.40842318534851074,0.584667980670929,0.7609127759933472,0.9371575713157654,1.1134023666381836,1.2896472215652466,1.46589195728302,1.642136812210083,1.8183815479278564,1.9946264028549194,2.1708712577819824,2.347115993499756,2.5233607292175293,2.699605703353882,2.8758504390716553,3.0520951747894287,3.2283401489257812,3.4045848846435547,3.580829620361328,3.7570743560791016,3.933319330215454,4.109563827514648,4.28580904006958,4.4620537757873535,4.638298511505127,4.8145432472229,4.990787982940674,5.167032718658447,5.343277454376221,5.519522666931152,5.695767402648926,5.872012138366699,6.048256874084473]},"dominant_projection_norm_step_10":11.816681861877441,"update_matrix_norm_step_100":0.06312547624111176,"dominant_projection_norm_step_200":2.7376110553741455,"hessian_eigenvalues_step_500":{"bins":[-4.292687892913818,-4.1487135887146,-4.004739761352539,-3.8607656955718994,-3.7167916297912598,-3.57281756401062,-3.4288432598114014,-3.2848691940307617,-3.140895128250122,-2.9969210624694824,-2.8529469966888428,-2.708972930908203,-2.5649988651275635,-2.421024799346924,-2.277050733566284,-2.1330766677856445,-1.9891024827957153,-1.8451284170150757,-1.701154351234436,-1.5571801662445068,-1.4132061004638672,-1.2692320346832275,-1.125257968902588,-0.9812838435173035,-0.8373097777366638,-0.6933357119560242,-0.5493615865707397,-0.4053875207901001,-0.26141342520713806,-0.11743933707475662,0.026534751057624817,0.17050883173942566,0.3144829273223877,0.45845702290534973,0.6024311184883118,0.7464051842689514,0.8903793096542358,1.0343533754348755,1.1783274412155151,1.3223015069961548,1.466275691986084,1.6102497577667236,1.7542238235473633,1.898197889328003,2.0421719551086426,2.1861460208892822,2.330120086669922,2.4740941524505615,2.618068218231201,2.76204252243042,2.9060165882110596,3.049990653991699,3.193964719772339,3.3379387855529785,3.481912851333618,3.625886917114258,3.7698609828948975,3.913835048675537,4.057809352874756,4.201783180236816,4.345757484436035,4.489731311798096,4.6337056159973145,4.777679443359375,4.921653747558594],"_type":"histogram",