{"_timestamp":1.742740259526046e+09,"hessian_eigenvalues_step_5":{"values":[2,5,3,0,0,0,2,2,8,7,5,6,6,8,7,11,12,13,13,12,13,12,11,16,20,33,21,6,7,5,6,5,7,4,5,6,3,4,2,4,5,4,3,3,3,2,4,2,2,2,3,2,1,3,1,1,1,1,1,2,0,1,0,1],"bins":[-11.238893508911133,-10.70792007446289,-10.176945686340332,-9.64597225189209,-9.114998817443848,-8.584024429321289,-8.053050994873047,-7.5220770835876465,-6.991103172302246,-6.460129737854004,-5.9291558265686035,-5.398181915283203,-4.867208480834961,-4.3362345695495605,-3.8052608966827393,-3.274286985397339,-2.7433133125305176,-2.2123396396636963,-1.681365728378296,-1.1503920555114746,-0.6194182634353638,-0.08844450116157532,0.44252926111221313,0.9735029935836792,1.50447678565979,2.0354504585266113,2.5664243698120117,3.097398042678833,3.6283717155456543,4.159345626831055,4.690319538116455,5.221292972564697,5.752266883850098,6.283240795135498,6.81421422958374,7.345188140869141,7.876162052154541,8.407135963439941,8.938109397888184,9.469082832336426,10.000057220458984,10.531030654907227,11.062004089355469,11.592978477478027,12.12395191192627,12.654925346374512,13.18589973449707,13.716873168945312,14.247846603393555,14.778820991516113,15.309794425964355,15.840768814086914,16.371742248535156,16.9027156829834,17.43368911743164,17.964662551879883,18.495637893676758,19.026611328125,19.557584762573242,20.088558197021484,20.619531631469727,21.15050506591797,21.681480407714844,22.212453842163086,22.743427276611328],"_type":"histogram"},"_wandb":{"runtime":6},"_runtime":6.853187,"_step":5,"loss":80.69004821777344}