{"_step":5,"loss":41.10642623901367,"_timestamp":1.742837098794701e+09,"_runtime":9.277837,"_wandb":{"runtime":9}}