{"loss":41.10642623901367,"_timestamp":1.742876294516321e+09,"_runtime":3.94944,"invariant_eigenvectors_step_5":{"values":[1,0,0,0,2,1,0,0,0,0,0,1,1,0,5,0,3,1,1,2,4,4,2,1,3,1,2,3,2,4,4,7,7,13,9,4,13,2,4,5,5,4,4,1,0,2,2,1,4,3,1,1,1,6,2,3,2,1,1,1,2,0,0,1],"bins":[-0.22094784677028656,-0.21461373567581177,-0.20827962458133698,-0.201945498585701,-0.1956113874912262,-0.1892772763967514,-0.1829431653022766,-0.17660905420780182,-0.17027492821216583,-0.16394081711769104,-0.15760670602321625,-0.15127259492874146,-0.14493848383426666,-0.13860435783863068,-0.13227024674415588,-0.1259361356496811,-0.1196020245552063,-0.11326790601015091,-0.10693379491567612,-0.10059967637062073,-0.09426556527614594,-0.08793144673109055,-0.08159733563661575,-0.07526322454214096,-0.06892910599708557,-0.06259499490261078,-0.05626088008284569,-0.0499267652630806,-0.043592650443315506,-0.037258535623550415,-0.030924422666430473,-0.02459030970931053,-0.01825619488954544,-0.011922081001102924,-0.005587966646999121,0.0007461474742740393,0.007080261595547199,0.013414375483989716,0.019748490303754807,0.026082603260874748,0.03241671621799469,0.03875083103775978,0.04508494585752487,0.05141906067728996,0.057753175497055054,0.06408728659152985,0.07042140513658524,0.07675551623106003,0.08308963477611542,0.08942374587059021,0.095757856965065,0.10209197551012039,0.10842608660459518,0.11476020514965057,0.12109431624412537,0.12742842733860016,0.13376253843307495,0.14009666442871094,0.14643077552318573,0.15276488661766052,0.15909899771213531,0.1654331088066101,0.1717672348022461,0.1781013458967209,0.18443545699119568],"_type":"histogram"},"_wandb":{"runtime":3},"_step":5}