{"loss":41.10642623901367,"_wandb":{"runtime":7},"_timestamp":1.742836900241461e+09,"_runtime":7.500781,"_step":5}