{"gradient_norm_step_50":2.1959478855133057,"final_eigenvector_norm_difference":3.1612298488616943,"update_matrix_norm_step_500":0.0016680991975590587,"dominant_projection_norm_step_200":0.00421931641176343,"dominant_projection_norm_step_500":0.0001366445212624967,"Successive_Record_Steps_COS_Similarity":0.20846781134605408,"Gradient Norm at Different Recorded Steps":{"width":800,"height":500,"_type":"image-file","sha256":"d8d0bce3ce4398599df5f3beefee67630a84cec29c100a8fd6fada2c36afa2ee","size":27588,"path":"media/images/Gradient Norm at Different Recorded Steps_507_d8d0bce3ce4398599df5.png","format":"png"},"hessian_eigenvalues_step_200":{"_type":"histogram","values":[2,2,1,2,0,1,3,16,11,17,26,82,18,18,6,11,2,2,2,4,6,0,0,1,1,6,4,5,15,0,1,1,1,1,5,2,0,2,4,1,0,0,1,1,0,1,3,3,0,0,3,4,1,5,2,0,2,5,5,0,2,7,8,25],"bins":[-0.643790602684021,-0.5867388844490051,-0.5296871662139893,-0.4726354479789734,-0.4155837297439575,-0.35853201150894165,-0.3014802932739258,-0.24442856013774872,-0.18737684190273285,-0.13032512366771698,-0.07327340543270111,-0.016221681609749794,0.040830038487911224,0.0978817567229271,0.15493348240852356,0.21198520064353943,0.2690369188785553,0.32608863711357117,0.38314035534858704,0.4401920735836029,0.4972437918186188,0.554295539855957,0.6113472580909729,0.6683989763259888,0.7254506945610046,0.7825024127960205,0.8395541310310364,0.8966058492660522,0.9536575675010681,1.010709285736084,1.067760944366455,1.1248127222061157,1.1818645000457764,1.2389161586761475,1.295967936515808,1.3530195951461792,1.4100713729858398,1.467123031616211,1.5241748094558716,1.5812264680862427,1.6382782459259033,1.6953299045562744,1.752381682395935,1.8094333410263062,1.8664851188659668,1.923536777496338,1.9805885553359985,2.037640333175659,2.0946919918060303,2.1517436504364014,2.2087953090667725,2.2658472061157227,2.3228988647460938,2.379950523376465,2.437002182006836,2.494054079055786,2.5511057376861572,2.6081573963165283,2.6652090549468994,2.7222609519958496,2.7793126106262207,2.836364269256592,2.893415927886963,2.950467824935913,3.007519483566284]},"dominant_projection_norm_step_50":0.4339309334754944,"hessian_eigenvalues_step_350":{"_type":"histogram","values":[1,10,8,8,8,127,26,2,8,1,0,1,4,1,1,0,0,1,0,1,11,1,0,6,31,4,0,0,0,0,0,0,1,0,0,0,1,4,3,0,0,0,0,0,0,0,0,0,1,0,1,0,0,1,8,7,0,0,0,2,7,7,8,48],"bins":[-0.29360246658325195,-0.24182990193367004,-0.19005733728408813,-0.13828477263450623,-0.08651220798492432,-0.03473964333534241,0.017032921314239502,0.06880548596382141,0.12057805061340332,0.17235061526298523,0.22412317991256714,0.27589574456214905,0.32766830921173096,0.37944087386131287,0.4312134385108948,0.4829860031604767,0.5347585678100586,0.5865311622619629,0.6383036971092224,0.6900762319564819,0.7418488264083862,0.7936214208602905,0.84539395570755,0.8971664905548096,0.9489390850067139,1.0007116794586182,1.0524842739105225,1.1042567491531372,1.1560293436050415,1.2078019380569458,1.2595744132995605,1.3113470077514648,1.3631196022033691,1.4148921966552734,1.4666647911071777,1.5184372663497925,1.5702098608016968,1.621982455253601,1.6737549304962158,1.7255275249481201,1.7773001194000244,1.8290727138519287,1.880845308303833,1.9326177835464478,1.984390377998352,2.036162853240967,2.087935447692871,2.1397080421447754,2.1914806365966797,2.243253231048584,2.2950258255004883,2.3467984199523926,2.398571014404297,2.450343370437622,2.5021159648895264,2.5538885593414307,2.605661153793335,2.6574337482452393,2.7092063426971436,2.760978937149048,2.812751293182373,2.8645238876342773,2.9162964820861816,2.968069076538086,3.0198416709899902]},"Norm of Update Matrix at Different Recorded Steps":{"format":"png","width":800,"height":500,"_type":"image-file","sha256":"f8ed1c303280020a2fd5854f4fa995713a9928e212658b919cafb0c44781e323","size":31680,"path":"media/images/Norm of Update Matrix at Different Recorded Steps_508_f8ed1c303280020a2fd5.png"},"update_matrix_norm_step_50":0.021959476172924042,"hessian_eigenvalues_step_10":{"bins":[-2.2725393772125244,-2.094839572906494,-1.9171397686004639,-1.7394399642944336,-1.5617401599884033,-1.384040355682373,-1.2063406705856323,-1.028640866279602,-0.8509410619735718,-0.6732412576675415,-0.49554145336151123,-0.31784164905548096,-0.14014185965061188,0.0375579334795475,0.21525773406028748,0.39295750856399536,0.5706573128700256,0.7483571171760559,0.9260569214820862,1.1037566661834717,1.281456470489502,1.4591562747955322,1.6368560791015625,1.8145558834075928,1.992255687713623,2.1699554920196533,2.3476552963256836,2.525355100631714,2.703054904937744,2.8807547092437744,3.0584545135498047,3.236154317855835,3.4138541221618652,3.5915536880493164,3.7692534923553467,3.946953296661377,4.124653339385986,4.3023529052734375,4.480052947998047,4.657752513885498,4.835452556610107,5.013152122497559,5.190852165222168,5.368551731109619,5.54625129699707,5.72395133972168,5.901650905609131,6.07935094833374,6.257050514221191,6.434750556945801,6.612450122833252,6.790150165557861,6.9678497314453125,7.145549774169922,7.323249340057373,7.500949382781982,7.678648948669434,7.856348991394043,8.034049034118652,8.211748123168945,8.389448165893555,8.567148208618164,8.744848251342773,8.922547340393066,9.100247383117676],"_type":"histogram","values":[6,13,13,18,19,16,11,8,6,2,3,3,4,6,6,5,8,9,9,14,26,26,18,9,5,6,4,6,4,5,3,3,3,1,2,4,0,1,0,1,0,0,0,1,0,1,1,2,2,2,3,0,2,3,4,3,2,5,4,5,4,4,4,2]},"loss":0.013393603265285492,"update_matrix_norm_step_10":0.10144105553627014,"dominant_projection_norm_step_350":0.00032564319553785026,"update_matrix_norm_step_5":0.17580054700374603,"hessian_eigenvalues_step_50":{"bins":[-0.9362055659294128,-0.8630577325820923,-0.7899098992347717,-0.7167620658874512,-0.6436142325401306,-0.5704663991928101,-0.4973185956478119,-0.42417076230049133,-0.3510229289531708,-0.2778750956058502,-0.20472727715969086,-0.1315794438123703,-0.05843162164092064,0.014716207049787045,0.08786403387784958,0.16101185977458954,0.2341596931219101,0.30730751156806946,0.38045534491539,0.45360317826271057,0.5267509818077087,0.5998988151550293,0.6730466485023499,0.7461944818496704,0.819342315196991,0.8924901485443115,0.9656379818916321,1.0387858152389526,1.1119335889816284,1.1850814819335938,1.2582292556762695,1.3313771486282349,1.4045249223709106,1.477672815322876,1.5508205890655518,1.623968482017517,1.6971162557601929,1.7702641487121582,1.843411922454834,1.9165596961975098,1.989707589149475,2.0628554821014404,2.136003255844116,2.209151029586792,2.2822988033294678,2.3554468154907227,2.4285945892333984,2.501742362976074,2.57489013671875,2.648038148880005,2.7211859226226807,2.7943336963653564,2.8674814701080322,2.940629243850708,3.013777256011963,3.0869250297546387,3.1600728034973145,3.2332205772399902,3.306368589401245,3.379516363143921,3.4526641368865967,3.5258119106292725,3.5989599227905273,3.672107696533203,3.745255470275879],"_type":"histogram","values":[4,9,4,4,9,10,15,15,15,15,16,12,8,11,12,13,18,11,11,10,10,10,5,3,3,2,3,3,3,3,3,2,3,1,3,2,2,1,4,1,3,3,2,2,4,3,1,1,3,4,3,3,5,4,2,5,5,3,5,3,3,1,1,2]},"gradient_norm_step_350":0.6235296130180359,"gradient_norm_step_10":10.144105911254883,"gradient_norm_step_5":17.580053329467773,"Empirical Spectral Distribution at Different Recorded Steps":{"sha256":"e62b36a9bf9a8447eaeb5ec18434edf0a0a77ee7e4fabb7e96aaabbe05affb94","size":58247,"path":"media/images/Empirical Spectral Distribution at Different Recorded Steps_503_e62b36a9bf9a8447eaeb.png","format":"png","width":1200,"height":800,"_type":"image-file"},"update_matrix_norm_step_200":0.00802571326494217,"_wandb":{"runtime":42},"dominant_projection_norm_step_100":0.07281346619129181,"update_matrix_norm_step_350":0.006235295906662941,"hessian_eigenvalues_step_150":{"_type":"histogram","values":[5,2,1,1,2,2,3,13,13,19,30,58,33,15,12,7,2,8,5,2,0,2,4,3,0,0,5,8,9,2,1,0,4,1,3,3,2,4,0,0,0,2,2,3,1,0,1,0,2,2,3,5,4,4,3,2,1,2,4,4,4,8,9,10],