{"loss":41.10642623901367,"_timestamp":1.74283731497579e+09,"_runtime":9.284236,"_step":5,"_wandb":{"runtime":9}}