{"_wandb":{"runtime":17},"loss":41.10642623901367,"_timestamp":1.74287472468429e+09,"_runtime":17.760558,"_step":5}