{"_wandb":{"runtime":5},"_timestamp":1.742802508104398e+09,"_runtime":5.802846,"_step":5,"loss":41.10642623901367}