{"loss":25.18046760559082,"hessian_eigenvalues_step_5":{"values":[2,7,15,24,33,40,40,40,37,25,19,17,29,39,40,44,42,35,24,20,14,11,7,8,8,6,6,2,2,3,3,2,5,3,3,3,5,5,4,7,6,7,7,7,6,7,6,6,5,5,3,4,5,2,3,2,1,2,1,1,1,0,1,1],"bins":[-4.115649223327637,-3.7587342262268066,-3.4018192291259766,-3.0449039936065674,-2.6879889965057373,-2.3310739994049072,-1.9741590023040771,-1.6172438859939575,-1.2603288888931274,-0.9034138321876526,-0.5464987754821777,-0.18958376348018646,0.1673312783241272,0.524246335029602,0.8811613321304321,1.2380764484405518,1.5949914455413818,1.951906442642212,2.308821439743042,2.665736675262451,3.0226516723632812,3.3795666694641113,3.7364816665649414,4.0933966636657715,4.450311660766602,4.807226657867432,5.164141654968262,5.52105712890625,5.87797212600708,6.23488712310791,6.59180212020874,6.94871711730957,7.3056321144104,7.6625471115112305,8.019462585449219,8.37637710571289,8.733292579650879,9.09020709991455,9.447122573852539,9.804037094116211,10.1609525680542,10.517867088317871,10.87478256225586,11.231698036193848,11.58861255645752,11.945528030395508,12.30244255065918,12.659358024597168,13.01627254486084,13.373188018798828,13.7301025390625,14.087018013000488,14.44393253326416,14.800848007202148,15.157763481140137,15.514678001403809,15.871593475341797,16.22850799560547,16.58542251586914,16.942338943481445,17.299253463745117,17.65616798400879,18.01308250427246,18.369998931884766,18.726913452148438],"_type":"histogram"},"_wandb":{"runtime":9},"_timestamp":1.74275175549928e+09,"_runtime":9.41455,"_step":5}